id,password,last_login,is_superuser,username,first_name,last_name,email,is_staff,is_active,date_joined
2,pbkdf2_sha256$dummyhashedpassword,2025-07-10 10:01:18.543642+00,FALSE,user2,Name2,Surname2,user2@lab.com,FALSE,TRUE,2025-12-12 04:52:21.924016+00
3,pbkdf2_sha256$dummyhashedpassword,2025-07-20 10:24:27.340966+00,TRUE,user3,Name3,Surname3,user3@lab.com,TRUE,TRUE,2025-06-08 10:52:36.543683+00
4,pbkdf2_sha256$dummyhashedpassword,2025-09-28 10:48:12.965854+00,TRUE,user4,Name4,Surname4,user4@lab.com,FALSE,TRUE,2025-06-13 14:55:42.910932+00
5,pbkdf2_sha256$dummyhashedpassword,2025-05-04 20:22:37.129550+00,TRUE,user5,Name5,Surname5,user5@lab.com,FALSE,TRUE,2025-03-31 08:37:17.460465+00
6,pbkdf2_sha256$dummyhashedpassword,2025-12-08 10:47:40.155764+00,FALSE,user6,Name6,Surname6,user6@lab.com,TRUE,TRUE,2025-02-22 03:53:35.509246+00
7,pbkdf2_sha256$dummyhashedpassword,2025-07-30 14:35:01.026690+00,FALSE,user7,Name7,Surname7,user7@lab.com,FALSE,TRUE,2025-07-11 00:50:15.080407+00
8,pbkdf2_sha256$dummyhashedpassword,2025-11-06 10:42:44.049341+00,FALSE,user8,Name8,Surname8,user8@lab.com,FALSE,TRUE,2025-05-02 21:59:05.284158+00
9,pbkdf2_sha256$dummyhashedpassword,2025-08-24 07:24:45.710555+00,TRUE,user9,Name9,Surname9,user9@lab.com,TRUE,TRUE,2025-12-30 00:37:10.981491+00
10,pbkdf2_sha256$dummyhashedpassword,2025-12-08 03:07:38.299939+00,FALSE,user10,Name10,Surname10,user10@lab.com,FALSE,TRUE,2025-04-11 18:21:25.565276+00
11,pbkdf2_sha256$dummyhashedpassword,2025-09-07 02:18:40.767285+00,TRUE,user11,Name11,Surname11,user11@lab.com,TRUE,TRUE,2025-03-21 14:11:39.782328+00
12,pbkdf2_sha256$dummyhashedpassword,2025-11-27 19:59:44.421213+00,FALSE,user12,Name12,Surname12,user12@lab.com,FALSE,TRUE,2025-12-06 11:32:52.983778+00
13,pbkdf2_sha256$dummyhashedpassword,2025-11-15 04:47:02.434220+00,FALSE,user13,Name13,Surname13,user13@lab.com,TRUE,TRUE,2025-01-15 16:57:02.565587+00
14,pbkdf2_sha256$dummyhashedpassword,2025-07-07 02:36:54.745114+00,FALSE,user14,Name14,Surname14,user14@lab.com,TRUE,TRUE,2025-09-04 12:58:54.502060+00
15,pbkdf2_sha256$dummyhashedpassword,2025-01-25 15:16:24.208723+00,TRUE,user15,Name15,Surname15,user15@lab.com,FALSE,TRUE,2025-07-14 22:10:07.520444+00
16,pbkdf2_sha256$dummyhashedpassword,2025-12-09 18:28:57.711882+00,FALSE,user16,Name16,Surname16,user16@lab.com,TRUE,TRUE,2025-01-27 05:11:39.714612+00
17,pbkdf2_sha256$dummyhashedpassword,2025-11-20 20:37:36.804099+00,FALSE,user17,Name17,Surname17,user17@lab.com,TRUE,TRUE,2025-11-28 14:45:27.787109+00
18,pbkdf2_sha256$dummyhashedpassword,2025-02-26 10:14:43.257009+00,TRUE,user18,Name18,Surname18,user18@lab.com,FALSE,TRUE,2025-03-12 07:58:27.552404+00
19,pbkdf2_sha256$dummyhashedpassword,2025-03-24 21:37:04.915161+00,TRUE,user19,Name19,Surname19,user19@lab.com,TRUE,TRUE,2025-07-01 19:08:30.625041+00
20,pbkdf2_sha256$dummyhashedpassword,2025-12-31 08:35:01.858910+00,FALSE,user20,Name20,Surname20,user20@lab.com,FALSE,TRUE,2025-11-24 21:07:00.712683+00
21,pbkdf2_sha256$dummyhashedpassword,2025-09-13 06:51:05.152777+00,TRUE,user21,Name21,Surname21,user21@lab.com,FALSE,TRUE,2025-05-15 22:09:44.317336+00
22,pbkdf2_sha256$dummyhashedpassword,2025-10-28 11:35:56.563813+00,TRUE,user22,Name22,Surname22,user22@lab.com,FALSE,TRUE,2025-03-19 17:35:09.442403+00
23,pbkdf2_sha256$dummyhashedpassword,2025-06-15 12:14:19.097907+00,FALSE,user23,Name23,Surname23,user23@lab.com,TRUE,TRUE,2025-08-10 10:21:06.479271+00
24,pbkdf2_sha256$dummyhashedpassword,2025-04-15 11:09:15.438259+00,TRUE,user24,Name24,Surname24,user24@lab.com,TRUE,TRUE,2025-02-23 10:45:26.689750+00
25,pbkdf2_sha256$dummyhashedpassword,2025-11-02 01:56:46.767248+00,FALSE,user25,Name25,Surname25,user25@lab.com,TRUE,TRUE,2025-04-16 16:55:50.312703+00
26,pbkdf2_sha256$dummyhashedpassword,2025-05-16 00:01:19.994808+00,FALSE,user26,Name26,Surname26,user26@lab.com,TRUE,TRUE,2025-12-17 09:11:38.676171+00
27,pbkdf2_sha256$dummyhashedpassword,2025-01-01 15:47:41.670396+00,FALSE,user27,Name27,Surname27,user27@lab.com,TRUE,TRUE,2025-08-06 13:21:36.316052+00
28,pbkdf2_sha256$dummyhashedpassword,2025-10-14 05:44:51.855466+00,TRUE,user28,Name28,Surname28,user28@lab.com,TRUE,TRUE,2025-11-18 12:01:50.600846+00
29,pbkdf2_sha256$dummyhashedpassword,2025-07-14 00:27:16.379143+00,FALSE,user29,Name29,Surname29,user29@lab.com,FALSE,TRUE,2025-04-26 16:31:08.674770+00
30,pbkdf2_sha256$dummyhashedpassword,2025-07-11 05:49:00.021388+00,TRUE,user30,Name30,Surname30,user30@lab.com,TRUE,TRUE,2025-05-17 06:29:33.344764+00
31,pbkdf2_sha256$dummyhashedpassword,2025-03-11 21:27:49.006827+00,TRUE,user31,Name31,Surname31,user31@lab.com,TRUE,TRUE,2025-03-20 11:56:30.061253+00
32,pbkdf2_sha256$dummyhashedpassword,2025-05-25 01:41:56.727177+00,TRUE,user32,Name32,Surname32,user32@lab.com,TRUE,TRUE,2025-12-26 21:35:00.824132+00
33,pbkdf2_sha256$dummyhashedpassword,2025-11-23 02:24:20.178793+00,TRUE,user33,Name33,Surname33,user33@lab.com,FALSE,TRUE,2025-10-25 20:57:47.865651+00
34,pbkdf2_sha256$dummyhashedpassword,2025-11-17 23:22:46.408243+00,TRUE,user34,Name34,Surname34,user34@lab.com,TRUE,TRUE,2025-08-13 14:40:05.041384+00
35,pbkdf2_sha256$dummyhashedpassword,2025-02-19 20:05:55.873723+00,FALSE,user35,Name35,Surname35,user35@lab.com,FALSE,TRUE,2025-05-16 01:55:57.435996+00
36,pbkdf2_sha256$dummyhashedpassword,2025-08-18 03:44:08.419691+00,FALSE,user36,Name36,Surname36,user36@lab.com,FALSE,TRUE,2025-11-22 23:13:26.441535+00
37,pbkdf2_sha256$dummyhashedpassword,2025-08-28 02:56:12.008166+00,FALSE,user37,Name37,Surname37,user37@lab.com,FALSE,TRUE,2025-06-10 04:11:34.776611+00
38,pbkdf2_sha256$dummyhashedpassword,2025-05-27 20:07:23.003466+00,TRUE,user38,Name38,Surname38,user38@lab.com,FALSE,TRUE,2025-05-15 11:28:15.654881+00
39,pbkdf2_sha256$dummyhashedpassword,2025-01-01 19:08:07.381711+00,TRUE,user39,Name39,Surname39,user39@lab.com,TRUE,TRUE,2025-08-12 19:24:27.465328+00
40,pbkdf2_sha256$dummyhashedpassword,2025-02-25 10:27:29.019332+00,FALSE,user40,Name40,Surname40,user40@lab.com,FALSE,TRUE,2025-10-15 23:02:02.749271+00
41,pbkdf2_sha256$dummyhashedpassword,2025-04-14 09:14:08.348258+00,TRUE,user41,Name41,Surname41,user41@lab.com,FALSE,TRUE,2025-01-07 15:20:17.978062+00
42,pbkdf2_sha256$dummyhashedpassword,2025-10-25 01:02:31.007688+00,FALSE,user42,Name42,Surname42,user42@lab.com,FALSE,TRUE,2025-01-08 19:51:30.440422+00
43,pbkdf2_sha256$dummyhashedpassword,2025-06-02 06:43:31.373644+00,FALSE,user43,Name43,Surname43,user43@lab.com,FALSE,TRUE,2025-03-09 06:02:45.123072+00
44,pbkdf2_sha256$dummyhashedpassword,2025-12-30 00:58:21.097071+00,TRUE,user44,Name44,Surname44,user44@lab.com,TRUE,TRUE,2025-10-25 15:02:12.149121+00
45,pbkdf2_sha256$dummyhashedpassword,2025-10-05 18:31:45.830467+00,TRUE,user45,Name45,Surname45,user45@lab.com,FALSE,TRUE,2025-06-24 15:38:40.741459+00
46,pbkdf2_sha256$dummyhashedpassword,2025-08-15 15:26:13.033179+00,TRUE,user46,Name46,Surname46,user46@lab.com,TRUE,TRUE,2025-08-18 23:12:08.777149+00
47,pbkdf2_sha256$dummyhashedpassword,2025-12-15 00:59:51.084327+00,FALSE,user47,Name47,Surname47,user47@lab.com,TRUE,TRUE,2025-08-15 01:39:00.736865+00
48,pbkdf2_sha256$dummyhashedpassword,2025-09-17 16:23:26.352346+00,TRUE,user48,Name48,Surname48,user48@lab.com,FALSE,TRUE,2025-09-11 14:05:33.894124+00
49,pbkdf2_sha256$dummyhashedpassword,2025-04-27 19:55:04.724075+00,FALSE,user49,Name49,Surname49,user49@lab.com,TRUE,TRUE,2025-05-31 22:17:43.813057+00
50,pbkdf2_sha256$dummyhashedpassword,2025-06-03 07:04:43.811519+00,FALSE,user50,Name50,Surname50,user50@lab.com,TRUE,TRUE,2025-11-26 07:25:25.325437+00